<?xml version='1.0'?>
<replacements xml:space='preserve' incomplete_format='false'>
<replacement offset='649' length='1'>&#10;    </replacement>
</replacements>
<?xml version='1.0'?>
<replacements xml:space='preserve' incomplete_format='false'>
<replacement offset='556' length='0'> </replacement>
<replacement offset='557' length='1'></replacement>
</replacements>
<?xml version='1.0'?>
<replacements xml:space='preserve' incomplete_format='false'>
<replacement offset='152' length='2'>&#10;</replacement>
<replacement offset='202' length='3'>&#10;&#10;</replacement>
<replacement offset='439' length='0'> </replacement>
<replacement offset='440' length='1'></replacement>
</replacements>
